session_id,s3_location,file_match,num_file_matches,asset_type_match,num_asset_type_matches
multiplane-ophys_767022_2025-02-19_09-15-29,s3://aind-open-data/multiplane-ophys_767022_2025-02-19_09-15-29,False,0,False,0
multiplane-ophys_767022_2025-02-20_09-23-25,s3://aind-open-data/multiplane-ophys_767022_2025-02-20_09-23-25,False,0,False,0
multiplane-ophys_767022_2025-02-21_09-08-41,s3://aind-open-data/multiplane-ophys_767022_2025-02-21_09-08-41,False,0,False,0
multiplane-ophys_767022_2025-02-25_09-38-19,s3://aind-open-data/multiplane-ophys_767022_2025-02-25_09-38-19,False,0,False,0
multiplane-ophys_767022_2025-02-26_09-48-20,s3://aind-open-data/multiplane-ophys_767022_2025-02-26_09-48-20,False,0,False,0
multiplane-ophys_767022_2025-02-27_09-19-01,s3://aind-open-data/multiplane-ophys_767022_2025-02-27_09-19-01,False,0,False,0
multiplane-ophys_767022_2025-03-04_08-55-07,s3://aind-open-data/multiplane-ophys_767022_2025-03-04_08-55-07,True,1,False,0
multiplane-ophys_767022_2025-03-05_09-15-47,s3://aind-open-data/multiplane-ophys_767022_2025-03-05_09-15-47,False,0,False,0
multiplane-ophys_767022_2025-03-06_09-17-27,s3://aind-open-data/multiplane-ophys_767022_2025-03-06_09-17-27,True,1,False,0
multiplane-ophys_741824_2024-11-14_14-40-48,s3://aind-private-data-prod-o5171v/multiplane-ophys_741824_2024-11-14_14-40-48,False,0,False,0
multiplane-ophys_741824_2024-11-18_14-22-20,s3://aind-private-data-prod-o5171v/multiplane-ophys_741824_2024-11-18_14-22-20,False,0,False,0
multiplane-ophys_635380_2022-09-16_11-48-35,s3://aind-private-data-prod-o5171v/multiplane-ophys_635380_2022-09-16_11-48-35,True,1,False,0
multiplane-ophys_761461_2025-02-20_14-45-50,s3://aind-open-data/multiplane-ophys_761461_2025-02-20_14-45-50,True,1,False,0
multiplane-ophys_761461_2025-03-04_12-21-18,s3://aind-open-data/multiplane-ophys_761461_2025-03-04_12-21-18,False,0,False,0
multiplane-ophys_761461_2025-03-05_15-19-33,s3://aind-open-data/multiplane-ophys_761461_2025-03-05_15-19-33,False,0,False,0
multiplane-ophys_761461_2025-03-06_14-23-46,s3://aind-open-data/multiplane-ophys_761461_2025-03-06_14-23-46,False,0,False,0
multiplane-ophys_762077_2025-02-28_12-02-20,s3://aind-open-data/multiplane-ophys_762077_2025-02-28_12-02-20,False,0,False,0
multiplane-ophys_762077_2025-03-06_11-49-34,s3://aind-open-data/multiplane-ophys_762077_2025-03-06_11-49-34,False,0,False,0
multiplane-ophys_724567_2024-05-15_10-05-58,s3://aind-private-data-prod-o5171v/multiplane-ophys_724567_2024-05-15_10-05-58,True,1,False,0
multiplane-ophys_724567_2024-05-16_11-04-29,s3://aind-private-data-prod-o5171v/multiplane-ophys_724567_2024-05-16_11-04-29,False,0,False,0
multiplane-ophys_724567_2024-05-17_10-34-16,,False,0,False,0
multiplane-ophys_724567_2024-05-20_12-00-33,,False,0,False,0
multiplane-ophys_746540_2024-09-17_11-55-23,s3://aind-private-data-prod-o5171v/multiplane-ophys_746540_2024-09-17_11-55-23,True,1,True,1
multiplane-ophys_746540_2024-09-18_14-52-49,s3://aind-private-data-prod-o5171v/multiplane-ophys_746540_2024-09-18_14-52-49,False,0,False,0
multiplane-ophys_746540_2024-09-19_11-54-46,s3://aind-private-data-prod-o5171v/multiplane-ophys_746540_2024-09-19_11-54-46,False,0,False,0
multiplane-ophys_746540_2024-09-23_15-02-43,s3://aind-private-data-prod-o5171v/multiplane-ophys_746540_2024-09-23_15-02-43,False,0,False,0
multiplane-ophys_746540_2024-09-30_14-52-23,s3://aind-private-data-prod-o5171v/multiplane-ophys_746540_2024-09-30_14-52-23,False,0,False,0
multiplane-ophys_484631_2019-12-05_06-26-00,,False,0,False,0
multiplane-ophys_762821_2024-12-18_13-51-05,s3://aind-private-data-prod-o5171v/multiplane-ophys_762821_2024-12-18_13-51-05,True,1,False,0
multiplane-ophys_762821_2024-12-20_13-38-02,s3://aind-private-data-prod-o5171v/multiplane-ophys_762821_2024-12-20_13-38-02,False,0,False,0
multiplane-ophys_755263_2025-01-13_11-35-24,s3://aind-private-data-prod-o5171v/multiplane-ophys_755263_2025-01-13_11-35-24,True,1,False,0
multiplane-ophys_755263_2025-01-16_11-40-22,s3://aind-private-data-prod-o5171v/multiplane-ophys_755263_2025-01-16_11-40-22,False,0,False,0
multiplane-ophys_755263_2025-01-24_11-32-17,s3://aind-private-data-prod-o5171v/multiplane-ophys_755263_2025-01-24_11-32-17,False,0,False,0
multiplane-ophys_755263_2025-02-24_14-16-37,s3://aind-open-data/multiplane-ophys_755263_2025-02-24_14-16-37,True,2,False,0
multiplane-ophys_687000_2023-09-26_08-56-32,s3://aind-private-data-prod-o5171v/multiplane-ophys_687000_2023-09-26_08-56-32,False,0,False,0
multiplane-ophys_687000_2023-09-27_13-29-18,,False,0,False,0
multiplane-ophys_687000_2023-09-28_13-53-05,,False,0,False,0
multiplane-ophys_687000_2023-10-18_10-28-37,s3://aind-private-data-prod-o5171v/multiplane-ophys_687000_2023-10-18_10-28-37,True,1,False,0
multiplane-ophys_687000_2023-10-19_09-06-11,s3://aind-private-data-prod-o5171v/multiplane-ophys_687000_2023-10-19_09-06-11,False,0,False,0
multiplane-ophys_738331_2024-07-18_10-40-50,s3://aind-private-data-prod-o5171v/multiplane-ophys_738331_2024-07-18_10-40-50,True,1,False,0
multiplane-ophys_738331_2024-07-22_10-58-06,s3://aind-private-data-prod-o5171v/multiplane-ophys_738331_2024-07-22_10-58-06,False,0,False,0
multiplane-ophys_738331_2024-07-23_11-44-17,,False,0,False,0
multiplane-ophys_726465_2024-05-30_12-34-02,s3://aind-private-data-prod-o5171v/multiplane-ophys_726465_2024-05-30_12-34-02,False,0,False,0
multiplane-ophys_726465_2024-05-31_12-00-48,s3://aind-private-data-prod-o5171v/multiplane-ophys_726465_2024-05-31_12-00-48,True,1,False,0
multiplane-ophys_726465_2024-06-03_13-11-45,s3://aind-private-data-prod-o5171v/multiplane-ophys_726465_2024-06-03_13-11-45,False,0,False,0
multiplane-ophys_726465_2024-06-05_13-46-43,s3://aind-private-data-prod-o5171v/multiplane-ophys_726465_2024-06-05_13-46-43,False,0,False,0
multiplane-ophys_692478_2023-10-02_09-01-32,,False,0,False,0
multiplane-ophys_719363_2024-04-25_09-17-21,s3://aind-private-data-prod-o5171v/multiplane-ophys_719363_2024-04-25_09-17-21,False,0,False,0
multiplane-ophys_719363_2024-04-26_09-39-57,s3://aind-private-data-prod-o5171v/multiplane-ophys_719363_2024-04-26_09-39-57,True,1,False,0
multiplane-ophys_719363_2024-05-09_08-53-26,,False,0,False,0
multiplane-ophys_719363_2024-05-30_08-57-21,s3://aind-private-data-prod-o5171v/multiplane-ophys_719363_2024-05-30_08-57-21,True,1,False,0
multiplane-ophys_719363_2024-06-03_08-24-41,s3://aind-private-data-prod-o5171v/multiplane-ophys_719363_2024-06-03_08-24-41,False,0,False,0
multiplane-ophys_719363_2024-06-05_08-40-40,,False,0,False,0
multiplane-ophys_662680_2023-04-11_09-18-00,,False,0,False,0
multiplane-ophys_662680_2023-04-11_10-34-42,,False,0,False,0
multiplane-ophys_729088_2024-06-03_10-14-20,s3://aind-private-data-prod-o5171v/multiplane-ophys_729088_2024-06-03_10-14-20,True,1,False,0
multiplane-ophys_729088_2024-06-04_10-26-56,s3://aind-private-data-prod-o5171v/multiplane-ophys_729088_2024-06-04_10-26-56,False,0,False,0
multiplane-ophys_729088_2024-06-05_11-11-03,,False,0,False,0
multiplane-ophys_729088_2024-06-07_08-58-13,,False,0,False,0
multiplane-ophys_729088_2024-06-10_09-47-15,,False,0,False,0
multiplane-ophys_729088_2024-06-11_08-34-49,s3://aind-private-data-prod-o5171v/multiplane-ophys_729088_2024-06-11_08-34-49,False,0,False,0
multiplane-ophys_777655_2024-12-23_15-30-39,s3://aind-private-data-prod-o5171v/multiplane-ophys_777655_2024-12-23_15-30-39,False,0,False,0
multiplane-ophys_777655_2024-12-31_15-30-39,s3://aind-private-data-prod-o5171v/multiplane-ophys_777655_2024-12-31_15-30-39,False,0,False,0
multiplane-ophys_777655_2025-01-07_15-30-39,s3://aind-private-data-prod-o5171v/multiplane-ophys_777655_2025-01-07_15-30-39,False,0,False,0
multiplane-ophys_762818_2024-12-17_09-04-07,s3://aind-private-data-prod-o5171v/multiplane-ophys_762818_2024-12-17_09-04-07,True,1,False,0
multiplane-ophys_762818_2024-12-18_11-17-24,s3://aind-private-data-prod-o5171v/multiplane-ophys_762818_2024-12-18_11-17-24,False,0,False,0
multiplane-ophys_762818_2024-12-19_11-31-56,s3://aind-private-data-prod-o5171v/multiplane-ophys_762818_2024-12-19_11-31-56,False,0,False,0
multiplane-ophys_774936_2024-12-31_15-30-39,s3://aind-private-data-prod-o5171v/multiplane-ophys_774936_2024-12-31_15-30-39,False,0,False,0
multiplane-ophys_774936_2025-01-03_15-30-39,s3://aind-private-data-prod-o5171v/multiplane-ophys_774936_2025-01-03_15-30-39,False,0,False,0
multiplane-ophys_774936_2025-01-07_15-30-39,s3://aind-private-data-prod-o5171v/multiplane-ophys_774936_2025-01-07_15-30-39,False,0,False,0
multiplane-ophys_774936_2025-01-14_15-30-39,s3://aind-private-data-prod-o5171v/multiplane-ophys_774936_2025-01-14_15-30-39,False,0,False,0
multiplane-ophys_775682_2025-02-18_09-27-51,s3://aind-private-data-prod-o5171v/multiplane-ophys_775682_2025-02-18_09-27-51,False,0,False,0
multiplane-ophys_775682_2025-02-19_09-21-56,s3://aind-open-data/multiplane-ophys_775682_2025-02-19_09-21-56,False,0,False,0
multiplane-ophys_775682_2025-02-20_11-50-32,s3://aind-open-data/multiplane-ophys_775682_2025-02-20_11-50-32,False,0,False,0
multiplane-ophys_775682_2025-02-21_11-01-39,s3://aind-open-data/multiplane-ophys_775682_2025-02-21_11-01-39,False,0,False,0
multiplane-ophys_775682_2025-02-24_09-13-44,s3://aind-open-data/multiplane-ophys_775682_2025-02-24_09-13-44,False,0,False,0
multiplane-ophys_775682_2025-02-25_09-06-51,s3://aind-open-data/multiplane-ophys_775682_2025-02-25_09-06-51,False,0,False,0
multiplane-ophys_775682_2025-02-27_09-23-36,s3://aind-open-data/multiplane-ophys_775682_2025-02-27_09-23-36,False,0,False,0
multiplane-ophys_775682_2025-02-28_09-26-28,s3://aind-open-data/multiplane-ophys_775682_2025-02-28_09-26-28,False,0,False,0
multiplane-ophys_775682_2025-03-03_09-39-23,s3://aind-open-data/multiplane-ophys_775682_2025-03-03_09-39-23,False,0,False,0
multiplane-ophys_775682_2025-03-04_09-36-26,s3://aind-open-data/multiplane-ophys_775682_2025-03-04_09-36-26,False,0,False,0
multiplane-ophys_775682_2025-03-06_09-18-33,s3://aind-open-data/multiplane-ophys_775682_2025-03-06_09-18-33,False,0,False,0
multiplane-ophys_775682_2025-03-07_09-09-28,s3://aind-open-data/multiplane-ophys_775682_2025-03-07_09-09-28,False,0,False,0
multiplane-ophys_766757_2025-02-17_09-51-19,s3://aind-open-data/multiplane-ophys_766757_2025-02-17_09-51-19,False,0,False,0
multiplane-ophys_766757_2025-02-18_11-52-59,s3://aind-open-data/multiplane-ophys_766757_2025-02-18_11-52-59,False,0,False,0
multiplane-ophys_766757_2025-02-19_14-31-09,s3://aind-open-data/multiplane-ophys_766757_2025-02-19_14-31-09,False,0,False,0
multiplane-ophys_766757_2025-02-21_11-52-07,s3://aind-open-data/multiplane-ophys_766757_2025-02-21_11-52-07,False,0,False,0
multiplane-ophys_749014_2024-11-21_09-23-43,s3://aind-private-data-prod-o5171v/multiplane-ophys_749014_2024-11-21_09-23-43,False,0,False,0
multiplane-ophys_749014_2024-12-05_09-27-15,s3://aind-private-data-prod-o5171v/multiplane-ophys_749014_2024-12-05_09-27-15,False,0,False,0
multiplane-ophys_749014_2024-12-09_09-33-52,s3://aind-private-data-prod-o5171v/multiplane-ophys_749014_2024-12-09_09-33-52,False,0,False,0
multiplane-ophys_749014_2024-12-11_09-57-41,s3://aind-private-data-prod-o5171v/multiplane-ophys_749014_2024-12-11_09-57-41,False,0,False,0
multiplane-ophys_749014_2024-12-16_09-20-06,s3://aind-private-data-prod-o5171v/multiplane-ophys_749014_2024-12-16_09-20-06,False,0,False,0
multiplane-ophys_749014_2025-01-06_09-12-18,s3://aind-private-data-prod-o5171v/multiplane-ophys_749014_2025-01-06_09-12-18,False,0,False,0
multiplane-ophys_472271_2019-10-07_05-46-00,,False,0,False,0
multiplane-ophys_777654_2024-12-17_15-30-39,s3://aind-private-data-prod-o5171v/multiplane-ophys_777654_2024-12-17_15-30-39,False,0,False,0
multiplane-ophys_777654_2024-12-23_15-30-39,s3://aind-private-data-prod-o5171v/multiplane-ophys_777654_2024-12-23_15-30-39,False,0,False,0
multiplane-ophys_777654_2024-12-31_15-30-39,s3://aind-private-data-prod-o5171v/multiplane-ophys_777654_2024-12-31_15-30-39,False,0,False,0
multiplane-ophys_759730_2024-12-12_08-46-07,s3://aind-private-data-prod-o5171v/multiplane-ophys_759730_2024-12-12_08-46-07,True,1,False,0
multiplane-ophys_759730_2024-12-19_09-06-56,s3://aind-private-data-prod-o5171v/multiplane-ophys_759730_2024-12-19_09-06-56,False,0,False,0
multiplane-ophys_726433_2024-05-08_08-58-21,s3://aind-private-data-prod-o5171v/multiplane-ophys_726433_2024-05-08_08-58-21,False,0,False,0
multiplane-ophys_726433_2024-05-09_08-22-05,s3://aind-private-data-prod-o5171v/multiplane-ophys_726433_2024-05-09_08-22-05,True,1,False,0
multiplane-ophys_726433_2024-05-14_08-13-15,,False,0,False,0
multiplane-ophys_726433_2024-05-16_08-50-33,,False,0,False,0
multiplane-ophys_726433_2024-05-17_08-27-53,,False,0,False,0
multiplane-ophys_726433_2024-06-06_08-39-48,s3://aind-private-data-prod-o5171v/multiplane-ophys_726433_2024-06-06_08-39-48,False,0,False,0
multiplane-ophys_726433_2024-06-10_12-00-02,s3://aind-private-data-prod-o5171v/multiplane-ophys_726433_2024-06-10_12-00-02,False,0,False,0
multiplane-ophys_726433_2024-06-11_10-10-55,,False,0,False,0
multiplane-ophys_726433_2024-06-20_08-57-23,,False,0,False,0
multiplane-ophys_735170_2024-10-01_09-43-34,,False,0,False,0
multiplane-ophys_477052_2019-10-10_08-36-00,,False,0,False,0
multiplane-ophys_477052_2019-10-11_07-08-00,,False,0,False,0
multiplane-ophys_477052_2019-10-15_06-44-00,,False,0,False,0
multiplane-ophys_736963_2024-07-09_09-13-58,s3://aind-private-data-prod-o5171v/multiplane-ophys_736963_2024-07-09_09-13-58,True,1,True,2
multiplane-ophys_736963_2024-07-10_09-02-58,s3://aind-private-data-prod-o5171v/multiplane-ophys_736963_2024-07-10_09-02-58,False,0,False,0
multiplane-ophys_736963_2024-07-11_08-45-05,s3://aind-private-data-prod-o5171v/multiplane-ophys_736963_2024-07-11_08-45-05,False,0,False,0
multiplane-ophys_736963_2024-07-12_09-20-11,s3://aind-private-data-prod-o5171v/multiplane-ophys_736963_2024-07-12_09-20-11,False,0,False,0
multiplane-ophys_736963_2024-07-15_09-23-32,s3://aind-private-data-prod-o5171v/multiplane-ophys_736963_2024-07-15_09-23-32,False,0,False,0
multiplane-ophys_736963_2024-07-16_09-17-44,s3://aind-private-data-prod-o5171v/multiplane-ophys_736963_2024-07-16_09-17-44,False,0,False,0
multiplane-ophys_736963_2024-07-18_08-41-14,s3://aind-private-data-prod-o5171v/multiplane-ophys_736963_2024-07-18_08-41-14,False,0,False,0
multiplane-ophys_736963_2024-07-19_09-14-01,s3://aind-private-data-prod-o5171v/multiplane-ophys_736963_2024-07-19_09-14-01,False,0,False,0
multiplane-ophys_736963_2024-07-22_08-54-38,s3://aind-private-data-prod-o5171v/multiplane-ophys_736963_2024-07-22_08-54-38,False,0,False,0
multiplane-ophys_736963_2024-07-23_08-57-56,s3://aind-private-data-prod-o5171v/multiplane-ophys_736963_2024-07-23_08-57-56,False,0,False,0
multiplane-ophys_736963_2024-07-24_08-49-57,s3://aind-private-data-prod-o5171v/multiplane-ophys_736963_2024-07-24_08-49-57,False,0,False,0
multiplane-ophys_736963_2024-07-26_09-37-45,s3://aind-private-data-prod-o5171v/multiplane-ophys_736963_2024-07-26_09-37-45,False,0,False,0
multiplane-ophys_736963_2024-07-29_09-00-58,s3://aind-private-data-prod-o5171v/multiplane-ophys_736963_2024-07-29_09-00-58,False,0,False,0
multiplane-ophys_736963_2024-07-30_09-11-03,s3://aind-private-data-prod-o5171v/multiplane-ophys_736963_2024-07-30_09-11-03,False,0,False,0
multiplane-ophys_736963_2024-08-01_08-59-00,s3://aind-private-data-prod-o5171v/multiplane-ophys_736963_2024-08-01_08-59-00,False,0,False,0
multiplane-ophys_736963_2024-08-05_09-19-25,s3://aind-private-data-prod-o5171v/multiplane-ophys_736963_2024-08-05_09-19-25,False,0,False,0
multiplane-ophys_736963_2024-08-06_08-52-03,s3://aind-private-data-prod-o5171v/multiplane-ophys_736963_2024-08-06_08-52-03,False,0,False,0
multiplane-ophys_736963_2024-08-07_09-11-10,s3://aind-private-data-prod-o5171v/multiplane-ophys_736963_2024-08-07_09-11-10,False,0,False,0
multiplane-ophys_736963_2024-08-09_08-58-36,s3://aind-private-data-prod-o5171v/multiplane-ophys_736963_2024-08-09_08-58-36,False,0,False,0
multiplane-ophys_736963_2024-08-12_09-17-19,s3://aind-private-data-prod-o5171v/multiplane-ophys_736963_2024-08-12_09-17-19,False,0,False,0
multiplane-ophys_736963_2024-08-13_08-57-29,s3://aind-private-data-prod-o5171v/multiplane-ophys_736963_2024-08-13_08-57-29,False,0,False,0
multiplane-ophys_736963_2024-08-23_09-13-46,s3://aind-private-data-prod-o5171v/multiplane-ophys_736963_2024-08-23_09-13-46,False,0,False,0
multiplane-ophys_736963_2024-08-26_09-54-51,s3://aind-private-data-prod-o5171v/multiplane-ophys_736963_2024-08-26_09-54-51,False,0,False,0
multiplane-ophys_736963_2024-08-27_08-51-49,s3://aind-private-data-prod-o5171v/multiplane-ophys_736963_2024-08-27_08-51-49,True,1,True,2
multiplane-ophys_736963_2024-08-29_10-20-27,s3://aind-private-data-prod-o5171v/multiplane-ophys_736963_2024-08-29_10-20-27,False,0,False,0
multiplane-ophys_735170_2024-09-23_11-23-49,,False,0,False,0
multiplane-ophys_735170_2024-09-24_09-11-25,,False,0,False,0
multiplane-ophys_735170_2024-10-04_09-58-49,s3://aind-private-data-prod-o5171v/multiplane-ophys_735170_2024-10-04_09-58-49,False,0,False,0
multiplane-ophys_735170_2024-10-18_11-44-04,s3://aind-private-data-prod-o5171v/multiplane-ophys_735170_2024-10-18_11-44-04,False,0,False,0
multiplane-ophys_762819_2024-12-16_09-17-11,s3://aind-private-data-prod-o5171v/multiplane-ophys_762819_2024-12-16_09-17-11,True,1,False,0
multiplane-ophys_762819_2024-12-18_08-56-38,s3://aind-private-data-prod-o5171v/multiplane-ophys_762819_2024-12-18_08-56-38,False,0,False,0
multiplane-ophys_746542_2024-11-19_10-55-16,s3://aind-private-data-prod-o5171v/multiplane-ophys_746542_2024-11-19_10-55-16,False,0,False,0
multiplane-ophys_753906_2025-01-30_11-20-04,s3://aind-private-data-prod-o5171v/multiplane-ophys_753906_2025-01-30_11-20-04,False,0,False,0
multiplane-ophys_740659_2024-10-23_11-48-20,s3://aind-private-data-prod-o5171v/multiplane-ophys_740659_2024-10-23_11-48-20,False,0,False,0
multiplane-ophys_739564_2024-08-27_11-53-33,s3://aind-private-data-prod-o5171v/multiplane-ophys_739564_2024-08-27_11-53-33,True,1,False,0
multiplane-ophys_739564_2024-09-17_12-13-04,s3://aind-private-data-prod-o5171v/multiplane-ophys_739564_2024-09-17_12-13-04,False,0,False,0
multiplane-ophys_739564_2024-09-19_14-27-30,s3://aind-private-data-prod-o5171v/multiplane-ophys_739564_2024-09-19_14-27-30,False,0,False,0
multiplane-ophys_739564_2024-09-20_13-54-16,s3://aind-private-data-prod-o5171v/multiplane-ophys_739564_2024-09-20_13-54-16,False,0,False,0
multiplane-ophys_739564_2024-09-23_14-11-11,s3://aind-private-data-prod-o5171v/multiplane-ophys_739564_2024-09-23_14-11-11,True,1,False,0
multiplane-ophys_739564_2024-09-24_12-02-27,s3://aind-private-data-prod-o5171v/multiplane-ophys_739564_2024-09-24_12-02-27,True,1,False,0
multiplane-ophys_739564_2024-09-25_12-47-44,s3://aind-private-data-prod-o5171v/multiplane-ophys_739564_2024-09-25_12-47-44,True,1,False,0
multiplane-ophys_499478_2020-02-21_01-10-00,,False,0,False,0
multiplane-ophys_499478_2020-02-21_10-25-33,,False,0,False,0
multiplane-ophys_499478_2020-02-24_01-18-00,,False,0,False,0
multiplane-ophys_499478_2020-02-24_10-36-18,,False,0,False,0
multiplane-ophys_499478_2020-02-26_01-28-00,,False,0,False,0
multiplane-ophys_499478_2020-02-27_01-39-00,,False,0,False,0
multiplane-ophys_499478_2020-02-27_10-54-49,,False,0,False,0
multiplane-ophys_499478_2020-03-03_01-25-00,,False,0,False,0
multiplane-ophys_499478_2020-03-03_10-41-51,,False,0,False,0
multiplane-ophys_570949_2021-06-15_01-43-00,,False,0,False,0
multiplane-ophys_570949_2021-06-15_09-59-24,,False,0,False,0
multiplane-ophys_570949_2021-06-16_01-36-00,,False,0,False,0
multiplane-ophys_570949_2021-06-22_02-06-00,,False,0,False,0
multiplane-ophys_570949_2021-06-22_10-21-34,,False,0,False,0
multiplane-ophys_754803_2024-12-11_12-23-13,s3://aind-private-data-prod-o5171v/multiplane-ophys_754803_2024-12-11_12-23-13,True,1,False,0
multiplane-ophys_741866_2024-09-17_09-28-38,s3://aind-private-data-prod-o5171v/multiplane-ophys_741866_2024-09-17_09-28-38,False,0,False,0
multiplane-ophys_741866_2024-09-18_09-46-53,s3://aind-private-data-prod-o5171v/multiplane-ophys_741866_2024-09-18_09-46-53,False,0,False,0
multiplane-ophys_741866_2024-09-20_09-19-38,s3://aind-private-data-prod-o5171v/multiplane-ophys_741866_2024-09-20_09-19-38,False,0,False,0
multiplane-ophys_741866_2024-09-23_09-25-20,s3://aind-private-data-prod-o5171v/multiplane-ophys_741866_2024-09-23_09-25-20,False,0,False,0
multiplane-ophys_741866_2024-09-27_09-06-49,s3://aind-private-data-prod-o5171v/multiplane-ophys_741866_2024-09-27_09-06-49,True,1,False,0
multiplane-ophys_741865_2024-08-14_09-40-53,s3://aind-private-data-prod-o5171v/multiplane-ophys_741865_2024-08-14_09-40-53,True,1,False,0
multiplane-ophys_741865_2024-08-20_09-27-09,s3://aind-private-data-prod-o5171v/multiplane-ophys_741865_2024-08-20_09-27-09,False,0,False,0
multiplane-ophys_741865_2024-09-04_09-28-30,s3://aind-private-data-prod-o5171v/multiplane-ophys_741865_2024-09-04_09-28-30,False,0,False,0
multiplane-ophys_741865_2024-09-05_09-09-30,s3://aind-private-data-prod-o5171v/multiplane-ophys_741865_2024-09-05_09-09-30,False,0,False,0
multiplane-ophys_741865_2024-09-06_09-29-21,s3://aind-private-data-prod-o5171v/multiplane-ophys_741865_2024-09-06_09-29-21,False,0,False,0
multiplane-ophys_741865_2024-09-10_09-38-57,s3://aind-private-data-prod-o5171v/multiplane-ophys_741865_2024-09-10_09-38-57,False,0,False,0
multiplane-ophys_741865_2024-09-13_09-52-11,s3://aind-private-data-prod-o5171v/multiplane-ophys_741865_2024-09-13_09-52-11,False,0,False,0
multiplane-ophys_741865_2024-09-16_09-20-21,s3://aind-private-data-prod-o5171v/multiplane-ophys_741865_2024-09-16_09-20-21,False,0,False,0
multiplane-ophys_740066_2024-09-19_11-55-46,s3://aind-private-data-prod-o5171v/multiplane-ophys_740066_2024-09-19_11-55-46,False,0,False,0
multiplane-ophys_740066_2024-09-23_09-32-31,s3://aind-private-data-prod-o5171v/multiplane-ophys_740066_2024-09-23_09-32-31,False,0,False,0
multiplane-ophys_740066_2024-09-26_09-13-55,s3://aind-private-data-prod-o5171v/multiplane-ophys_740066_2024-09-26_09-13-55,False,0,False,0
multiplane-ophys_759732_2024-12-12_13-47-34,s3://aind-private-data-prod-o5171v/multiplane-ophys_759732_2024-12-12_13-47-34,True,1,False,0
multiplane-ophys_759732_2024-12-16_14-14-45,s3://aind-private-data-prod-o5171v/multiplane-ophys_759732_2024-12-16_14-14-45,False,0,False,0
multiplane-ophys_749011_2024-11-22_14-26-48,s3://aind-private-data-prod-o5171v/multiplane-ophys_749011_2024-11-22_14-26-48,False,0,False,0
multiplane-ophys_749011_2024-11-26_11-46-45,s3://aind-private-data-prod-o5171v/multiplane-ophys_749011_2024-11-26_11-46-45,False,0,False,0
multiplane-ophys_749011_2024-12-03_11-51-19,s3://aind-private-data-prod-o5171v/multiplane-ophys_749011_2024-12-03_11-51-19,False,0,False,0
multiplane-ophys_749011_2024-12-05_14-01-30,s3://aind-private-data-prod-o5171v/multiplane-ophys_749011_2024-12-05_14-01-30,False,0,False,0
multiplane-ophys_749011_2024-12-13_13-43-05,s3://aind-private-data-prod-o5171v/multiplane-ophys_749011_2024-12-13_13-43-05,False,0,False,0
multiplane-ophys_749011_2024-12-17_11-55-57,s3://aind-private-data-prod-o5171v/multiplane-ophys_749011_2024-12-17_11-55-57,False,0,False,0
multiplane-ophys_749011_2024-12-19_15-29-08,s3://aind-private-data-prod-o5171v/multiplane-ophys_749011_2024-12-19_15-29-08,True,4,False,0
multiplane-ophys_738332_2024-07-31_10-52-24,s3://aind-private-data-prod-o5171v/multiplane-ophys_738332_2024-07-31_10-52-24,False,0,False,0
multiplane-ophys_738332_2024-08-06_11-42-02,s3://aind-private-data-prod-o5171v/multiplane-ophys_738332_2024-08-06_11-42-02,True,1,False,0
multiplane-ophys_738332_2024-08-07_12-02-47,,False,0,False,0
multiplane-ophys_738332_2024-08-09_11-28-16,s3://aind-private-data-prod-o5171v/multiplane-ophys_738332_2024-08-09_11-28-16,False,0,False,0
multiplane-ophys_731328_2024-09-05_09-32-55,s3://aind-private-data-prod-o5171v/multiplane-ophys_731328_2024-09-05_09-32-55,False,0,False,0
multiplane-ophys_731328_2024-09-06_09-21-09,s3://aind-private-data-prod-o5171v/multiplane-ophys_731328_2024-09-06_09-21-09,False,0,False,0
multiplane-ophys_731328_2024-09-09_09-23-36,s3://aind-private-data-prod-o5171v/multiplane-ophys_731328_2024-09-09_09-23-36,False,0,False,0
multiplane-ophys_731328_2024-09-10_09-54-34,s3://aind-private-data-prod-o5171v/multiplane-ophys_731328_2024-09-10_09-54-34,False,0,False,0
multiplane-ophys_717824_2024-03-20_10-47-45,s3://aind-private-data-prod-o5171v/multiplane-ophys_717824_2024-03-20_10-47-45,True,1,False,0
multiplane-ophys_717824_2024-04-24_09-20-18,s3://aind-private-data-prod-o5171v/multiplane-ophys_717824_2024-04-24_09-20-18,False,0,False,0
multiplane-ophys_717824_2024-04-25_09-18-21,s3://aind-private-data-prod-o5171v/multiplane-ophys_717824_2024-04-25_09-18-21,False,0,False,0
multiplane-ophys_717824_2024-04-26_09-12-08,s3://aind-private-data-prod-o5171v/multiplane-ophys_717824_2024-04-26_09-12-08,False,0,False,0
multiplane-ophys_717824_2024-04-30_09-20-03,s3://aind-private-data-prod-o5171v/multiplane-ophys_717824_2024-04-30_09-20-03,True,1,False,0
multiplane-ophys_729417_2024-05-22_09-25-41,s3://aind-private-data-prod-o5171v/multiplane-ophys_729417_2024-05-22_09-25-41,True,1,False,0
multiplane-ophys_729417_2024-05-23_08-24-12,s3://aind-private-data-prod-o5171v/multiplane-ophys_729417_2024-05-23_08-24-12,False,0,False,0
multiplane-ophys_729417_2024-05-28_09-10-24,s3://aind-private-data-prod-o5171v/multiplane-ophys_729417_2024-05-28_09-10-24,False,0,False,0
multiplane-ophys_729417_2024-05-29_08-55-31,s3://aind-private-data-prod-o5171v/multiplane-ophys_729417_2024-05-29_08-55-31,False,0,False,0
multiplane-ophys_729417_2024-05-30_09-36-30,s3://aind-private-data-prod-o5171v/multiplane-ophys_729417_2024-05-30_09-36-30,False,0,False,0
multiplane-ophys_729417_2024-05-31_09-30-29,s3://aind-private-data-prod-o5171v/multiplane-ophys_729417_2024-05-31_09-30-29,False,0,False,0
multiplane-ophys_729417_2024-06-03_09-27-50,s3://aind-private-data-prod-o5171v/multiplane-ophys_729417_2024-06-03_09-27-50,False,0,False,0
multiplane-ophys_729417_2024-06-04_09-56-08,s3://aind-private-data-prod-o5171v/multiplane-ophys_729417_2024-06-04_09-56-08,False,0,False,0
multiplane-ophys_729417_2024-06-06_09-25-11,s3://aind-private-data-prod-o5171v/multiplane-ophys_729417_2024-06-06_09-25-11,False,0,False,0
multiplane-ophys_729417_2024-06-07_09-29-44,s3://aind-private-data-prod-o5171v/multiplane-ophys_729417_2024-06-07_09-29-44,False,0,False,0
multiplane-ophys_729417_2024-06-10_09-22-25,s3://aind-private-data-prod-o5171v/multiplane-ophys_729417_2024-06-10_09-22-25,False,0,False,0
multiplane-ophys_729417_2024-06-11_09-25-29,s3://aind-private-data-prod-o5171v/multiplane-ophys_729417_2024-06-11_09-25-29,False,0,False,0
multiplane-ophys_729417_2024-06-13_09-24-00,s3://aind-private-data-prod-o5171v/multiplane-ophys_729417_2024-06-13_09-24-00,True,1,False,0
multiplane-ophys_729417_2024-06-27_10-49-11,s3://aind-private-data-prod-o5171v/multiplane-ophys_729417_2024-06-27_10-49-11,False,0,False,0
multiplane-ophys_633542_2022-08-15_14-14-08,s3://aind-private-data-prod-o5171v/multiplane-ophys_633542_2022-08-15_14-14-08,True,2,False,0
multiplane-ophys_755252_2024-11-12_09-43-51,s3://aind-private-data-prod-o5171v/multiplane-ophys_755252_2024-11-12_09-43-51,True,1,False,0
multiplane-ophys_755252_2024-11-14_11-28-00,s3://aind-private-data-prod-o5171v/multiplane-ophys_755252_2024-11-14_11-28-00,False,0,False,0
multiplane-ophys_755252_2024-11-15_10-49-40,s3://aind-private-data-prod-o5171v/multiplane-ophys_755252_2024-11-15_10-49-40,False,0,False,0
multiplane-ophys_755252_2024-11-18_08-01-08,s3://aind-private-data-prod-o5171v/multiplane-ophys_755252_2024-11-18_08-01-08,False,0,False,0
multiplane-ophys_755252_2024-11-21_11-18-50,s3://aind-private-data-prod-o5171v/multiplane-ophys_755252_2024-11-21_11-18-50,False,0,False,0
multiplane-ophys_755252_2024-11-22_12-00-43,s3://aind-private-data-prod-o5171v/multiplane-ophys_755252_2024-11-22_12-00-43,False,0,False,0
multiplane-ophys_755252_2024-12-03_09-14-20,s3://aind-private-data-prod-o5171v/multiplane-ophys_755252_2024-12-03_09-14-20,False,0,False,0
multiplane-ophys_755252_2024-12-04_12-06-54,s3://aind-private-data-prod-o5171v/multiplane-ophys_755252_2024-12-04_12-06-54,False,0,False,0
multiplane-ophys_755252_2024-12-05_11-34-40,s3://aind-private-data-prod-o5171v/multiplane-ophys_755252_2024-12-05_11-34-40,False,0,False,0
multiplane-ophys_755252_2024-12-09_11-34-27,s3://aind-private-data-prod-o5171v/multiplane-ophys_755252_2024-12-09_11-34-27,False,0,False,0
multiplane-ophys_755252_2024-12-10_09-07-12,s3://aind-private-data-prod-o5171v/multiplane-ophys_755252_2024-12-10_09-07-12,False,0,False,0
multiplane-ophys_755252_2024-12-16_11-32-36,s3://aind-private-data-prod-o5171v/multiplane-ophys_755252_2024-12-16_11-32-36,False,0,False,0
multiplane-ophys_755252_2024-12-17_08-56-37,s3://aind-private-data-prod-o5171v/multiplane-ophys_755252_2024-12-17_08-56-37,False,0,False,0
multiplane-ophys_755252_2024-12-18_11-24-13,s3://aind-private-data-prod-o5171v/multiplane-ophys_755252_2024-12-18_11-24-13,False,0,False,0
multiplane-ophys_755252_2024-12-19_11-34-11,s3://aind-private-data-prod-o5171v/multiplane-ophys_755252_2024-12-19_11-34-11,True,1,False,0
multiplane-ophys_755252_2025-01-03_12-36-54,s3://aind-private-data-prod-o5171v/multiplane-ophys_755252_2025-01-03_12-36-54,False,0,False,0
multiplane-ophys_755252_2025-01-07_11-58-18,s3://aind-private-data-prod-o5171v/multiplane-ophys_755252_2025-01-07_11-58-18,False,0,False,0
multiplane-ophys_755252_2025-01-08_13-57-01,s3://aind-private-data-prod-o5171v/multiplane-ophys_755252_2025-01-08_13-57-01,False,0,False,0
multiplane-ophys_755252_2025-01-14_12-09-40,s3://aind-private-data-prod-o5171v/multiplane-ophys_755252_2025-01-14_12-09-40,False,0,False,0
multiplane-ophys_726087_2024-05-01_09-00-22,s3://aind-private-data-prod-o5171v/multiplane-ophys_726087_2024-05-01_09-00-22,False,0,False,0
multiplane-ophys_726087_2024-05-02_10-40-44,s3://aind-private-data-prod-o5171v/multiplane-ophys_726087_2024-05-02_10-40-44,False,0,False,0
multiplane-ophys_726087_2024-05-08_10-06-03,,False,0,False,0
multiplane-ophys_726087_2024-06-13_10-47-50,,False,0,False,0
multiplane-ophys_726087_2024-06-14_08-32-17,,False,0,False,0
multiplane-ophys_726087_2024-06-17_09-01-41,s3://aind-private-data-prod-o5171v/multiplane-ophys_726087_2024-06-17_09-01-41,False,0,False,0
multiplane-ophys_726087_2024-06-18_10-34-32,s3://aind-private-data-prod-o5171v/multiplane-ophys_726087_2024-06-18_10-34-32,False,0,False,0
multiplane-ophys_767018_2025-01-24_14-04-10,s3://aind-private-data-prod-o5171v/multiplane-ophys_767018_2025-01-24_14-04-10,False,0,False,0
multiplane-ophys_767018_2025-01-27_12-15-34,s3://aind-private-data-prod-o5171v/multiplane-ophys_767018_2025-01-27_12-15-34,False,0,False,0
multiplane-ophys_767018_2025-01-28_12-16-57,s3://aind-private-data-prod-o5171v/multiplane-ophys_767018_2025-01-28_12-16-57,False,0,False,0
multiplane-ophys_767018_2025-01-31_14-09-45,s3://aind-private-data-prod-o5171v/multiplane-ophys_767018_2025-01-31_14-09-45,False,0,False,0
multiplane-ophys_767018_2025-02-10_13-04-43,s3://aind-private-data-prod-o5171v/multiplane-ophys_767018_2025-02-10_13-04-43,False,0,False,0
multiplane-ophys_767018_2025-02-13_14-09-49,s3://aind-private-data-prod-o5171v/multiplane-ophys_767018_2025-02-13_14-09-49,True,1,False,0
multiplane-ophys_767018_2025-02-17_12-20-01,s3://aind-private-data-prod-o5171v/multiplane-ophys_767018_2025-02-17_12-20-01,False,0,False,0
multiplane-ophys_767018_2025-02-18_12-28-32,s3://aind-private-data-prod-o5171v/multiplane-ophys_767018_2025-02-18_12-28-32,True,1,False,0
multiplane-ophys_767018_2025-02-19_14-02-36,s3://aind-open-data/multiplane-ophys_767018_2025-02-19_14-02-36,True,1,False,0
multiplane-ophys_759731_2024-12-10_09-14-04,s3://aind-private-data-prod-o5171v/multiplane-ophys_759731_2024-12-10_09-14-04,True,1,False,0
multiplane-ophys_759731_2024-12-12_10-53-26,s3://aind-private-data-prod-o5171v/multiplane-ophys_759731_2024-12-12_10-53-26,True,1,False,0
multiplane-ophys_759731_2024-12-16_11-31-58,s3://aind-private-data-prod-o5171v/multiplane-ophys_759731_2024-12-16_11-31-58,False,0,False,0
multiplane-ophys_732777_2024-09-06_12-01-02,s3://aind-private-data-prod-o5171v/multiplane-ophys_732777_2024-09-06_12-01-02,False,0,False,0
multiplane-ophys_732777_2024-09-09_11-18-22,s3://aind-private-data-prod-o5171v/multiplane-ophys_732777_2024-09-09_11-18-22,False,0,False,0
multiplane-ophys_749315_2024-10-30_16-14-58,s3://aind-private-data-prod-o5171v/multiplane-ophys_749315_2024-10-30_16-14-58,False,0,False,0
multiplane-ophys_749315_2024-11-01_15-10-45,s3://aind-private-data-prod-o5171v/multiplane-ophys_749315_2024-11-01_15-10-45,True,1,False,0
multiplane-ophys_749315_2024-11-04_14-07-57,s3://aind-private-data-prod-o5171v/multiplane-ophys_749315_2024-11-04_14-07-57,False,0,False,0
multiplane-ophys_749315_2024-11-05_11-53-43,s3://aind-private-data-prod-o5171v/multiplane-ophys_749315_2024-11-05_11-53-43,False,0,False,0
multiplane-ophys_749315_2024-11-18_14-47-15,s3://aind-private-data-prod-o5171v/multiplane-ophys_749315_2024-11-18_14-47-15,False,0,False,0
multiplane-ophys_749315_2024-11-19_11-57-21,s3://aind-private-data-prod-o5171v/multiplane-ophys_749315_2024-11-19_11-57-21,False,0,False,0
multiplane-ophys_749315_2024-11-20_14-58-05,s3://aind-private-data-prod-o5171v/multiplane-ophys_749315_2024-11-20_14-58-05,False,0,False,0
multiplane-ophys_749315_2024-11-22_14-41-18,s3://aind-private-data-prod-o5171v/multiplane-ophys_749315_2024-11-22_14-41-18,True,1,False,0
multiplane-ophys_749315_2024-11-25_10-52-45,s3://aind-private-data-prod-o5171v/multiplane-ophys_749315_2024-11-25_10-52-45,False,0,False,0
multiplane-ophys_749315_2024-11-26_10-39-07,s3://aind-private-data-prod-o5171v/multiplane-ophys_749315_2024-11-26_10-39-07,False,0,False,0
multiplane-ophys_747667_2024-10-03_14-18-43,s3://aind-private-data-prod-o5171v/multiplane-ophys_747667_2024-10-03_14-18-43,True,1,False,0
multiplane-ophys_747667_2024-10-21_15-02-40,s3://aind-private-data-prod-o5171v/multiplane-ophys_747667_2024-10-21_15-02-40,False,0,False,0
multiplane-ophys_747667_2024-10-22_12-23-24,s3://aind-private-data-prod-o5171v/multiplane-ophys_747667_2024-10-22_12-23-24,False,0,False,0
multiplane-ophys_747667_2024-10-23_14-35-50,s3://aind-private-data-prod-o5171v/multiplane-ophys_747667_2024-10-23_14-35-50,False,0,False,0
multiplane-ophys_747667_2024-10-24_12-44-00,s3://aind-private-data-prod-o5171v/multiplane-ophys_747667_2024-10-24_12-44-00,True,1,False,0
multiplane-ophys_747667_2024-10-28_14-59-07,s3://aind-private-data-prod-o5171v/multiplane-ophys_747667_2024-10-28_14-59-07,False,0,False,0
multiplane-ophys_622756_2022-05-13_18-27-48,s3://aind-private-data-prod-o5171v/multiplane-ophys_622756_2022-05-13_18-27-48,False,0,False,0
multiplane-ophys_719374_2024-03-19_11-44-47,s3://aind-private-data-prod-o5171v/multiplane-ophys_719374_2024-03-19_11-44-47,True,1,False,0
multiplane-ophys_719374_2024-04-22_11-28-56,s3://aind-private-data-prod-o5171v/multiplane-ophys_719374_2024-04-22_11-28-56,False,0,False,0
multiplane-ophys_719374_2024-04-24_11-38-24,s3://aind-private-data-prod-o5171v/multiplane-ophys_719374_2024-04-24_11-38-24,False,0,False,0
multiplane-ophys_719374_2024-04-26_11-48-39,s3://aind-private-data-prod-o5171v/multiplane-ophys_719374_2024-04-26_11-48-39,True,1,False,0
multiplane-ophys_747443_2024-10-10_11-59-58,s3://aind-private-data-prod-o5171v/multiplane-ophys_747443_2024-10-10_11-59-58,True,1,False,0
multiplane-ophys_747443_2024-10-14_12-17-38,s3://aind-private-data-prod-o5171v/multiplane-ophys_747443_2024-10-14_12-17-38,False,0,False,0
multiplane-ophys_740067_2024-09-20_09-21-49,s3://aind-private-data-prod-o5171v/multiplane-ophys_740067_2024-09-20_09-21-49,False,0,False,0
multiplane-ophys_740067_2024-09-25_09-26-11,s3://aind-private-data-prod-o5171v/multiplane-ophys_740067_2024-09-25_09-26-11,False,0,False,0
multiplane-ophys_740067_2024-09-27_09-13-52,s3://aind-private-data-prod-o5171v/multiplane-ophys_740067_2024-09-27_09-13-52,False,0,False,0
multiplane-ophys_740067_2024-10-03_09-14-54,s3://aind-private-data-prod-o5171v/multiplane-ophys_740067_2024-10-03_09-14-54,False,0,False,0
multiplane-ophys_740067_2024-10-07_10-02-08,s3://aind-private-data-prod-o5171v/multiplane-ophys_740067_2024-10-07_10-02-08,False,0,False,0
multiplane-ophys_753562_2024-11-06_11-01-23,s3://aind-private-data-prod-o5171v/multiplane-ophys_753562_2024-11-06_11-01-23,True,1,False,0
multiplane-ophys_753562_2024-11-08_09-55-52,s3://aind-private-data-prod-o5171v/multiplane-ophys_753562_2024-11-08_09-55-52,False,0,False,0
multiplane-ophys_721291_2024-04-16_08-21-40,s3://aind-private-data-prod-o5171v/multiplane-ophys_721291_2024-04-16_08-21-40,True,1,False,0
multiplane-ophys_721291_2024-04-17_11-02-16,,False,0,False,0
multiplane-ophys_721291_2024-04-19_08-17-25,,False,0,False,0
multiplane-ophys_721291_2024-04-22_08-38-58,,False,0,False,0
multiplane-ophys_721291_2024-04-23_08-20-25,,False,0,False,0
multiplane-ophys_721291_2024-04-24_08-13-29,,False,0,False,0
multiplane-ophys_721291_2024-04-26_08-05-27,s3://aind-private-data-prod-o5171v/multiplane-ophys_721291_2024-04-26_08-05-27,False,0,False,0
multiplane-ophys_721291_2024-04-29_08-28-28,s3://aind-private-data-prod-o5171v/multiplane-ophys_721291_2024-04-29_08-28-28,False,0,False,0
multiplane-ophys_721291_2024-04-30_08-46-46,s3://aind-private-data-prod-o5171v/multiplane-ophys_721291_2024-04-30_08-46-46,False,0,False,0
multiplane-ophys_721291_2024-05-02_08-57-52,s3://aind-private-data-prod-o5171v/multiplane-ophys_721291_2024-05-02_08-57-52,False,0,False,0
multiplane-ophys_721291_2024-05-06_10-00-27,s3://aind-private-data-prod-o5171v/multiplane-ophys_721291_2024-05-06_10-00-27,False,0,False,0
multiplane-ophys_721291_2024-05-07_08-37-50,s3://aind-private-data-prod-o5171v/multiplane-ophys_721291_2024-05-07_08-37-50,False,0,False,0
multiplane-ophys_721291_2024-05-08_08-05-54,s3://aind-private-data-prod-o5171v/multiplane-ophys_721291_2024-05-08_08-05-54,False,0,False,0
multiplane-ophys_721291_2024-05-13_08-27-23,s3://aind-private-data-prod-o5171v/multiplane-ophys_721291_2024-05-13_08-27-23,False,0,False,0
multiplane-ophys_721291_2024-05-14_08-25-02,s3://aind-private-data-prod-o5171v/multiplane-ophys_721291_2024-05-14_08-25-02,False,0,False,0
multiplane-ophys_721291_2024-05-16_08-57-00,s3://aind-private-data-prod-o5171v/multiplane-ophys_721291_2024-05-16_08-57-00,False,0,False,0
multiplane-ophys_721291_2024-05-17_08-35-11,s3://aind-private-data-prod-o5171v/multiplane-ophys_721291_2024-05-17_08-35-11,True,1,False,0
multiplane-ophys_721291_2024-05-18_08-55-42,s3://aind-private-data-prod-o5171v/multiplane-ophys_721291_2024-05-18_08-55-42,False,0,False,0
multiplane-ophys_721291_2024-05-21_08-40-35,,False,0,False,0
multiplane-ophys_721291_2024-05-23_09-09-11,,False,0,False,0
multiplane-ophys_721291_2024-05-24_10-08-20,s3://aind-private-data-prod-o5171v/multiplane-ophys_721291_2024-05-24_10-08-20,True,1,False,0
multiplane-ophys_721291_2024-05-28_10-04-14,,False,0,False,0
multiplane-ophys_770962_2025-02-25_12-14-00,s3://aind-open-data/multiplane-ophys_770962_2025-02-25_12-14-00,True,4,False,0
multiplane-ophys_770962_2025-02-26_14-54-15,s3://aind-open-data/multiplane-ophys_770962_2025-02-26_14-54-15,False,0,False,0
multiplane-ophys_770962_2025-02-27_14-08-03,s3://aind-open-data/multiplane-ophys_770962_2025-02-27_14-08-03,False,0,False,0
multiplane-ophys_770962_2025-03-04_11-56-13,s3://aind-open-data/multiplane-ophys_770962_2025-03-04_11-56-13,False,0,False,0
multiplane-ophys_770962_2025-03-05_14-31-14,s3://aind-open-data/multiplane-ophys_770962_2025-03-05_14-31-14,False,0,False,0
multiplane-ophys_770962_2025-03-06_15-04-15,s3://aind-open-data/multiplane-ophys_770962_2025-03-06_15-04-15,False,0,False,0
multiplane-ophys_770962_2025-03-07_13-44-33,s3://aind-open-data/multiplane-ophys_770962_2025-03-07_13-44-33,False,0,False,0
multiplane-ophys_612771_2022-03-22_12-26-20,s3://aind-private-data-prod-o5171v/multiplane-ophys_612771_2022-03-22_12-26-20,True,2,False,0
multiplane-ophys_612771_2022-03-28_10-08-49,,False,0,False,0
multiplane-ophys_651007_2022-12-20_09-05-37,s3://aind-private-data-prod-o5171v/multiplane-ophys_651007_2022-12-20_09-05-37,True,1,False,0
multiplane-ophys_765945_2025-02-19_11-56-10,s3://aind-open-data/multiplane-ophys_765945_2025-02-19_11-56-10,False,0,False,0
multiplane-ophys_765945_2025-02-24_11-23-09,s3://aind-open-data/multiplane-ophys_765945_2025-02-24_11-23-09,True,1,False,0
multiplane-ophys_765945_2025-02-26_12-00-14,s3://aind-open-data/multiplane-ophys_765945_2025-02-26_12-00-14,True,1,False,0
multiplane-ophys_765945_2025-02-27_11-28-27,s3://aind-open-data/multiplane-ophys_765945_2025-02-27_11-28-27,False,0,False,0
multiplane-ophys_749335_2024-11-22_09-05-31,s3://aind-private-data-prod-o5171v/multiplane-ophys_749335_2024-11-22_09-05-31,True,1,False,0
multiplane-ophys_749335_2024-12-02_10-20-34,s3://aind-private-data-prod-o5171v/multiplane-ophys_749335_2024-12-02_10-20-34,False,0,False,0
multiplane-ophys_749335_2024-12-04_09-25-33,s3://aind-private-data-prod-o5171v/multiplane-ophys_749335_2024-12-04_09-25-33,False,0,False,0
multiplane-ophys_749335_2024-12-05_09-24-44,s3://aind-private-data-prod-o5171v/multiplane-ophys_749335_2024-12-05_09-24-44,False,0,False,0
multiplane-ophys_622537_2022-05-26_09-11-53,s3://aind-private-data-prod-o5171v/multiplane-ophys_622537_2022-05-26_09-11-53,True,2,False,0
multiplane-ophys_777656_2024-12-26_15-30-39,s3://aind-private-data-prod-o5171v/multiplane-ophys_777656_2024-12-26_15-30-39,False,0,False,0
multiplane-ophys_777656_2025-01-03_15-30-39,s3://aind-private-data-prod-o5171v/multiplane-ophys_777656_2025-01-03_15-30-39,False,0,False,0
multiplane-ophys_777656_2025-01-07_15-30-39,s3://aind-private-data-prod-o5171v/multiplane-ophys_777656_2025-01-07_15-30-39,False,0,False,0
multiplane-ophys_777656_2025-01-07_16-45-39,s3://aind-private-data-prod-o5171v/multiplane-ophys_777656_2025-01-07_16-45-39,False,0,False,0
multiplane-ophys_777656_2025-01-14_15-30-39,s3://aind-private-data-prod-o5171v/multiplane-ophys_777656_2025-01-14_15-30-39,False,0,False,0
multiplane-ophys_777656_2025-01-14_16-45-39,s3://aind-private-data-prod-o5171v/multiplane-ophys_777656_2025-01-14_16-45-39,False,0,False,0
multiplane-ophys_624855_2022-10-06_10-08-02,s3://aind-private-data-prod-o5171v/multiplane-ophys_624855_2022-10-06_10-08-02,True,1,False,0
multiplane-ophys_628165_2022-07-11_14-28-50,s3://aind-private-data-prod-o5171v/multiplane-ophys_628165_2022-07-11_14-28-50,False,0,False,0
multiplane-ophys_762551_2025-01-30_11-23-54,s3://aind-private-data-prod-o5171v/multiplane-ophys_762551_2025-01-30_11-23-54,False,0,False,0
multiplane-ophys_762551_2025-01-31_13-50-32,s3://aind-private-data-prod-o5171v/multiplane-ophys_762551_2025-01-31_13-50-32,False,0,False,0
multiplane-ophys_759075_2024-12-05_11-40-03,s3://aind-private-data-prod-o5171v/multiplane-ophys_759075_2024-12-05_11-40-03,True,1,False,0
multiplane-ophys_759075_2024-12-06_11-01-18,s3://aind-private-data-prod-o5171v/multiplane-ophys_759075_2024-12-06_11-01-18,False,0,False,0
multiplane-ophys_693996_2023-10-20_08-45-31,s3://aind-private-data-prod-o5171v/multiplane-ophys_693996_2023-10-20_08-45-31,True,1,False,0
multiplane-ophys_693996_2023-10-22_12-31-46,s3://aind-private-data-prod-o5171v/multiplane-ophys_693996_2023-10-22_12-31-46,False,0,False,0
multiplane-ophys_693996_2023-10-23_08-51-29,,False,0,False,0
multiplane-ophys_693996_2023-10-24_09-00-46,,False,0,False,0
multiplane-ophys_693996_2023-10-25_09-00-24,s3://aind-private-data-prod-o5171v/multiplane-ophys_693996_2023-10-25_09-00-24,False,0,False,0
multiplane-ophys_693996_2023-10-30_09-10-18,s3://aind-private-data-prod-o5171v/multiplane-ophys_693996_2023-10-30_09-10-18,False,0,False,0
multiplane-ophys_779190_2025-02-26_15-00-39,s3://aind-open-data/multiplane-ophys_779190_2025-02-26_15-00-39,True,1,False,0
multiplane-ophys_779190_2025-02-27_14-38-41,s3://aind-open-data/multiplane-ophys_779190_2025-02-27_14-38-41,False,0,False,0
multiplane-ophys_779190_2025-02-28_14-39-04,s3://aind-open-data/multiplane-ophys_779190_2025-02-28_14-39-04,False,0,False,0
multiplane-ophys_779190_2025-03-03_13-36-14,s3://aind-open-data/multiplane-ophys_779190_2025-03-03_13-36-14,False,0,False,0
multiplane-ophys_764964_2025-03-07_09-29-47,s3://aind-open-data/multiplane-ophys_764964_2025-03-07_09-29-47,False,0,False,0
multiplane-ophys_731327_2024-08-14_12-17-44,s3://aind-private-data-prod-o5171v/multiplane-ophys_731327_2024-08-14_12-17-44,False,0,False,0
multiplane-ophys_731327_2024-08-15_12-07-49,s3://aind-private-data-prod-o5171v/multiplane-ophys_731327_2024-08-15_12-07-49,False,0,False,0
multiplane-ophys_731327_2024-08-19_10-30-56,s3://aind-private-data-prod-o5171v/multiplane-ophys_731327_2024-08-19_10-30-56,False,0,False,0
multiplane-ophys_731327_2024-08-21_14-38-32,s3://aind-private-data-prod-o5171v/multiplane-ophys_731327_2024-08-21_14-38-32,False,0,False,0
multiplane-ophys_731327_2024-08-22_14-11-29,s3://aind-private-data-prod-o5171v/multiplane-ophys_731327_2024-08-22_14-11-29,False,0,False,0
multiplane-ophys_731327_2024-08-23_13-22-02,s3://aind-private-data-prod-o5171v/multiplane-ophys_731327_2024-08-23_13-22-02,False,0,False,0
multiplane-ophys_731327_2024-08-26_11-59-19,s3://aind-private-data-prod-o5171v/multiplane-ophys_731327_2024-08-26_11-59-19,False,0,False,0
multiplane-ophys_731327_2024-09-04_11-25-48,s3://aind-private-data-prod-o5171v/multiplane-ophys_731327_2024-09-04_11-25-48,False,0,False,0
multiplane-ophys_731327_2024-09-05_11-39-45,s3://aind-private-data-prod-o5171v/multiplane-ophys_731327_2024-09-05_11-39-45,False,0,False,0
multiplane-ophys_687001_2023-09-28_08-18-27,,False,0,False,0
multiplane-ophys_687001_2023-09-29_08-07-36,,False,0,False,0
multiplane-ophys_687001_2023-10-02_08-23-58,s3://aind-private-data-prod-o5171v/multiplane-ophys_687001_2023-10-02_08-23-58,False,0,False,0
multiplane-ophys_687001_2023-10-05_11-26-08,s3://aind-private-data-prod-o5171v/multiplane-ophys_687001_2023-10-05_11-26-08,False,0,False,0
multiplane-ophys_687001_2023-10-20_10-36-55,s3://aind-private-data-prod-o5171v/multiplane-ophys_687001_2023-10-20_10-36-55,False,0,False,0
multiplane-ophys_687001_2023-10-23_11-30-03,,False,0,False,0
multiplane-ophys_687001_2023-10-24_11-24-32,s3://aind-private-data-prod-o5171v/multiplane-ophys_687001_2023-10-24_11-24-32,False,0,False,0
multiplane-ophys_687001_2023-11-02_09-10-38,,False,0,False,0
multiplane-ophys_692478_2023-09-27_09-20-32,s3://aind-private-data-prod-o5171v/multiplane-ophys_692478_2023-09-27_09-20-32,True,1,False,0
multiplane-ophys_692478_2023-09-28_09-03-44,s3://aind-private-data-prod-o5171v/multiplane-ophys_692478_2023-09-28_09-03-44,False,0,False,0
multiplane-ophys_692478_2023-09-29_08-53-45,,False,0,False,0
multiplane-ophys_754804_2024-11-19_09-02-46,s3://aind-private-data-prod-o5171v/multiplane-ophys_754804_2024-11-19_09-02-46,True,1,False,0
multiplane-ophys_754804_2024-11-20_11-35-19,s3://aind-private-data-prod-o5171v/multiplane-ophys_754804_2024-11-20_11-35-19,False,0,False,0
multiplane-ophys_754804_2024-12-04_11-43-15,s3://aind-private-data-prod-o5171v/multiplane-ophys_754804_2024-12-04_11-43-15,False,0,False,0
multiplane-ophys_749013_2024-11-13_14-42-09,s3://aind-private-data-prod-o5171v/multiplane-ophys_749013_2024-11-13_14-42-09,True,4,False,0
multiplane-ophys_749013_2024-11-15_14-29-34,s3://aind-private-data-prod-o5171v/multiplane-ophys_749013_2024-11-15_14-29-34,False,0,False,0
multiplane-ophys_749013_2024-11-19_12-20-43,s3://aind-private-data-prod-o5171v/multiplane-ophys_749013_2024-11-19_12-20-43,False,0,False,0
multiplane-ophys_749013_2024-11-21_14-13-57,s3://aind-private-data-prod-o5171v/multiplane-ophys_749013_2024-11-21_14-13-57,False,0,False,0
multiplane-ophys_749013_2024-11-25_11-57-12,s3://aind-private-data-prod-o5171v/multiplane-ophys_749013_2024-11-25_11-57-12,False,0,False,0
multiplane-ophys_749013_2024-11-27_11-56-16,s3://aind-private-data-prod-o5171v/multiplane-ophys_749013_2024-11-27_11-56-16,False,0,False,0
multiplane-ophys_749013_2024-12-02_13-52-25,s3://aind-private-data-prod-o5171v/multiplane-ophys_749013_2024-12-02_13-52-25,False,0,False,0
multiplane-ophys_749013_2024-12-04_14-32-23,s3://aind-private-data-prod-o5171v/multiplane-ophys_749013_2024-12-04_14-32-23,False,0,False,0
multiplane-ophys_755212_2024-11-21_11-27-00,s3://aind-private-data-prod-o5171v/multiplane-ophys_755212_2024-11-21_11-27-00,True,1,False,0
multiplane-ophys_755212_2024-11-22_11-53-31,s3://aind-private-data-prod-o5171v/multiplane-ophys_755212_2024-11-22_11-53-31,False,0,False,0
multiplane-ophys_737674_2024-10-04_11-56-08,s3://aind-private-data-prod-o5171v/multiplane-ophys_737674_2024-10-04_11-56-08,True,4,False,0
multiplane-ophys_737674_2024-10-07_15-05-10,s3://aind-private-data-prod-o5171v/multiplane-ophys_737674_2024-10-07_15-05-10,False,0,False,0
multiplane-ophys_737674_2024-10-11_15-01-43,s3://aind-private-data-prod-o5171v/multiplane-ophys_737674_2024-10-11_15-01-43,False,0,False,0
multiplane-ophys_747107_2024-09-26_11-43-48,s3://aind-private-data-prod-o5171v/multiplane-ophys_747107_2024-09-26_11-43-48,True,1,True,1
multiplane-ophys_747107_2024-10-24_12-22-51,s3://aind-private-data-prod-o5171v/multiplane-ophys_747107_2024-10-24_12-22-51,False,0,False,0
multiplane-ophys_747107_2024-10-28_11-49-00,s3://aind-private-data-prod-o5171v/multiplane-ophys_747107_2024-10-28_11-49-00,False,0,False,0
multiplane-ophys_747107_2024-10-29_09-05-12,s3://aind-private-data-prod-o5171v/multiplane-ophys_747107_2024-10-29_09-05-12,False,0,False,0
multiplane-ophys_747107_2024-11-01_10-17-23,s3://aind-private-data-prod-o5171v/multiplane-ophys_747107_2024-11-01_10-17-23,False,0,False,0
multiplane-ophys_747107_2024-11-05_09-13-50,s3://aind-private-data-prod-o5171v/multiplane-ophys_747107_2024-11-05_09-13-50,True,1,True,1
multiplane-ophys_747107_2024-11-07_11-28-29,s3://aind-private-data-prod-o5171v/multiplane-ophys_747107_2024-11-07_11-28-29,False,0,False,0
multiplane-ophys_778174_2025-03-06_12-34-12,s3://aind-open-data/multiplane-ophys_778174_2025-03-06_12-34-12,False,0,False,0
multiplane-ophys_746541_2024-10-18_12-22-01,,False,0,False,0
multiplane-ophys_746541_2024-10-24_14-40-50,s3://aind-private-data-prod-o5171v/multiplane-ophys_746541_2024-10-24_14-40-50,False,0,False,0
multiplane-ophys_745909_2024-11-20_09-21-27,s3://aind-private-data-prod-o5171v/multiplane-ophys_745909_2024-11-20_09-21-27,False,0,False,0
multiplane-ophys_745909_2024-11-22_09-17-33,s3://aind-private-data-prod-o5171v/multiplane-ophys_745909_2024-11-22_09-17-33,True,4,False,0
multiplane-ophys_745909_2024-12-04_09-42-47,s3://aind-private-data-prod-o5171v/multiplane-ophys_745909_2024-12-04_09-42-47,False,0,False,0
multiplane-ophys_745909_2024-12-06_09-01-16,s3://aind-private-data-prod-o5171v/multiplane-ophys_745909_2024-12-06_09-01-16,False,0,False,0
multiplane-ophys_745909_2024-12-19_09-15-51,s3://aind-private-data-prod-o5171v/multiplane-ophys_745909_2024-12-19_09-15-51,True,4,False,0
multiplane-ophys_641993_2022-11-04_09-08-45,s3://aind-private-data-prod-o5171v/multiplane-ophys_641993_2022-11-04_09-08-45,True,1,False,0
multiplane-ophys_757436_2025-01-07_11-21-27,s3://aind-private-data-prod-o5171v/multiplane-ophys_757436_2025-01-07_11-21-27,True,1,False,0
multiplane-ophys_757436_2025-01-15_11-17-07,s3://aind-private-data-prod-o5171v/multiplane-ophys_757436_2025-01-15_11-17-07,False,0,False,0
multiplane-ophys_757436_2025-01-16_09-12-04,s3://aind-private-data-prod-o5171v/multiplane-ophys_757436_2025-01-16_09-12-04,False,0,False,0
multiplane-ophys_741863_2024-08-09_09-23-11,s3://aind-private-data-prod-o5171v/multiplane-ophys_741863_2024-08-09_09-23-11,True,1,False,0
multiplane-ophys_741863_2024-08-13_09-26-41,s3://aind-private-data-prod-o5171v/multiplane-ophys_741863_2024-08-13_09-26-41,False,0,False,0
multiplane-ophys_741863_2024-08-21_09-29-23,s3://aind-private-data-prod-o5171v/multiplane-ophys_741863_2024-08-21_09-29-23,False,0,False,0
multiplane-ophys_741863_2024-08-22_09-23-45,s3://aind-private-data-prod-o5171v/multiplane-ophys_741863_2024-08-22_09-23-45,False,0,False,0
multiplane-ophys_741863_2024-08-23_09-20-39,s3://aind-private-data-prod-o5171v/multiplane-ophys_741863_2024-08-23_09-20-39,False,0,False,0
multiplane-ophys_741863_2024-08-26_09-39-36,s3://aind-private-data-prod-o5171v/multiplane-ophys_741863_2024-08-26_09-39-36,False,0,False,0
multiplane-ophys_741863_2024-08-27_09-46-37,s3://aind-private-data-prod-o5171v/multiplane-ophys_741863_2024-08-27_09-46-37,False,0,False,0
multiplane-ophys_741863_2024-08-29_10-01-14,s3://aind-private-data-prod-o5171v/multiplane-ophys_741863_2024-08-29_10-01-14,False,0,False,0
multiplane-ophys_741863_2024-09-11_09-32-27,s3://aind-private-data-prod-o5171v/multiplane-ophys_741863_2024-09-11_09-32-27,False,0,False,0
multiplane-ophys_759003_2025-01-21_09-33-41,s3://aind-private-data-prod-o5171v/multiplane-ophys_759003_2025-01-21_09-33-41,False,0,False,0
multiplane-ophys_759003_2025-01-22_09-27-18,s3://aind-private-data-prod-o5171v/multiplane-ophys_759003_2025-01-22_09-27-18,False,0,False,0
multiplane-ophys_759003_2025-01-24_09-15-44,s3://aind-private-data-prod-o5171v/multiplane-ophys_759003_2025-01-24_09-15-44,True,1,False,0
